source,barcode,i7,i5_revcomp,i5,hamming_>2_with_nextflex_a,hamming_>2_with_nextflex_b,hamming_>2_with_nextflex_c,hamming_>2_with_nextflex_d,source_name
Nextera like i7; Buenrostro et. al. 2015.,i7.01,TAAGGCGA,NA,NA,bad,good,good,good,v2_Ad2.01_TAAGGCGA
Nextera like i7; Buenrostro et. al. 2015.,i7.02,CGTACTAG,NA,NA,bad,good,good,good,v2_Ad2.02_CGTACTAG
Nextera like i7; Buenrostro et. al. 2015.,i7.03,AGGCAGAA,NA,NA,good,bad,bad,bad,v2_Ad2.03_AGGCAGAA
Nextera like i7; Buenrostro et. al. 2015.,i7.04,TCCTGAGC,NA,NA,good,bad,good,good,v2_Ad2.04_TCCTGAGC
Nextera like i7; Buenrostro et. al. 2015.,i7.05,GGACTCCT,NA,NA,bad,bad,good,good,v2_Ad2.05_GGACTCCT
Nextera like i7; Buenrostro et. al. 2015.,i7.06,TAGGCATG,NA,NA,good,bad,bad,good,v2_Ad2.06_TAGGCATG
Nextera like i7; Buenrostro et. al. 2015.,i7.07,CTCTCTAC,NA,NA,good,good,good,good,v2_Ad2.07_CTCTCTAC
Nextera like i7; Buenrostro et. al. 2015.,i7.08,CAGAGAGG,NA,NA,bad,good,good,good,v2_Ad2.08_CAGAGAGG
Nextera like i7; Buenrostro et. al. 2015.,i7.09,GCTACGCT,NA,NA,good,good,bad,bad,v2_Ad2.09_GCTACGCT
Nextera like i7; Buenrostro et. al. 2015.,i7.10,CGAGGCTG,NA,NA,bad,good,good,good,v2_Ad2.10_CGAGGCTG
Nextera like i7; Buenrostro et. al. 2015.,i7.11,AAGAGGCA,NA,NA,bad,good,good,bad,v2_Ad2.11_AAGAGGCA
Nextera like i7; Buenrostro et. al. 2015.,i7.12,GTAGAGGA,NA,NA,bad,bad,good,good,v2_Ad2.12_GTAGAGGA
Nextera like i7; Buenrostro et. al. 2015.,i7.13,TGGATCTG,NA,NA,good,good,bad,good,v2_Ad2.13_TGGATCTG
Nextera like i7; Buenrostro et. al. 2015.,i7.14,CCGTTTGT,NA,NA,good,good,good,good,v2_Ad2.14_CCGTTTGT
Nextera like i7; Buenrostro et. al. 2015.,i7.15,TGCTGGGT,NA,NA,good,bad,bad,good,v2_Ad2.15_TGCTGGGT
Nextera like i7; Buenrostro et. al. 2015.,i7.16,AGGTTGGG,NA,NA,bad,good,bad,good,v2_Ad2.16_AGGTTGGG
Nextera like i7; Buenrostro et. al. 2015.,i7.17,GTGTGGTG,NA,NA,bad,bad,good,bad,v2_Ad2.17_GTGTGGTG
Nextera like i7; Buenrostro et. al. 2015.,i7.18,TGGGTTTC,NA,NA,good,good,bad,good,v2_Ad2.18_TGGGTTTC
Nextera like i7; Buenrostro et. al. 2015.,i7.19,TGGTCACA,NA,NA,bad,bad,good,good,v2_Ad2.19_TGGTCACA
Nextera like i7; Buenrostro et. al. 2015.,i7.20,TTGACCCT,NA,NA,good,good,bad,good,v2_Ad2.20_TTGACCCT
Nextera like i7; Buenrostro et. al. 2015.,i7.21,CGCGGACA,NA,NA,bad,good,good,good,v2_Ad2.21_CGCGGACA
Nextera like i7; Buenrostro et. al. 2015.,i7.22,TTCCATAT,NA,NA,good,good,bad,good,v2_Ad2.22_TTCCATAT
Nextera like i7; Buenrostro et. al. 2015.,i7.23,AATTCGTT,NA,NA,bad,bad,good,good,v2_Ad2.23_AATTCGTT
Nextera like i7; Buenrostro et. al. 2015.,i7.24,GGCGTCGA,NA,NA,good,bad,good,good,v2_Ad2.24_GGCGTCGA
Nextera like i7; Buenrostro et. al. 2015.,i7.25,ACAAAGTG,NA,NA,good,good,bad,good,v2_Ad2.25_ACAAAGTG
Nextera like i7; Buenrostro et. al. 2015.,i7.26,TACTTGAA,NA,NA,good,good,good,bad,v2_Ad2.26_TACTTGAA
Nextera like i7; Buenrostro et. al. 2015.,i7.27,GTGATAGC,NA,NA,good,good,good,good,v2_Ad2.27_GTGATAGC
Nextera like i7; Buenrostro et. al. 2015.,i7.28,AGTAGATT,NA,NA,good,good,bad,bad,v2_Ad2.28_AGTAGATT
Nextera like i7; Buenrostro et. al. 2015.,i7.29,ATTGCCGG,NA,NA,bad,good,good,bad,v2_Ad2.29_ATTGCCGG
Nextera like i7; Buenrostro et. al. 2015.,i7.30,TTGCTAAG,NA,NA,bad,bad,bad,bad,v2_Ad2.30_TTGCTAAG
Nextera like i7; Buenrostro et. al. 2015.,i7.31,ATAAGTTA,NA,NA,good,good,bad,bad,v2_Ad2.31_ATAAGTTA
Nextera like i7; Buenrostro et. al. 2015.,i7.32,ATCACTCG,NA,NA,good,bad,bad,bad,v2_Ad2.32_ATCACTCG
Nextera like i7; Buenrostro et. al. 2015.,i7.33,GTTAACAG,NA,NA,good,good,good,good,v2_Ad2.33_GTTAACAG
Nextera like i7; Buenrostro et. al. 2015.,i7.34,AATGGTAG,NA,NA,good,good,bad,good,v2_Ad2.34_AATGGTAG
Nextera like i7; Buenrostro et. al. 2015.,i7.35,GAGCACGT,NA,NA,good,good,bad,good,v2_Ad2.35_GAGCACGT
Nextera like i7; Buenrostro et. al. 2015.,i7.36,TTTCGTCA,NA,NA,good,good,good,good,v2_Ad2.36_TTTCGTCA
Nextera like i7; Buenrostro et. al. 2015.,i7.37,CAAGAATT,NA,NA,good,good,bad,good,v2_Ad2.37_CAAGAATT
Nextera like i7; Buenrostro et. al. 2015.,i7.38,GAAATGCC,NA,NA,good,good,bad,good,v2_Ad2.38_GAAATGCC
Nextera like i7; Buenrostro et. al. 2015.,i7.39,AACGCCAT,NA,NA,good,bad,good,good,v2_Ad2.39_AACGCCAT
Nextera like i7; Buenrostro et. al. 2015.,i7.40,CCTCGCAG,NA,NA,good,good,good,good,v2_Ad2.40_CCTCGCAG
Nextera like i7; Buenrostro et. al. 2015.,i7.41,TACACCTC,NA,NA,good,good,bad,bad,v2_Ad2.41_TACACCTC
Nextera like i7; Buenrostro et. al. 2015.,i7.42,GGTCATTT,NA,NA,good,good,bad,good,v2_Ad2.42_GGTCATTT
Nextera like i7; Buenrostro et. al. 2015.,i7.43,CAATCTTA,NA,NA,bad,good,bad,good,v2_Ad2.43_CAATCTTA
Nextera like i7; Buenrostro et. al. 2015.,i7.44,TGTGCCTT,NA,NA,good,good,good,bad,v2_Ad2.44_TGTGCCTT
Nextera like i7; Buenrostro et. al. 2015.,i7.45,TCTTATTA,NA,NA,good,good,bad,good,v2_Ad2.45_TCTTATTA
Nextera like i7; Buenrostro et. al. 2015.,i7.46,GACTTAGT,NA,NA,good,good,good,bad,v2_Ad2.46_GACTTAGT
Nextera like i7; Buenrostro et. al. 2015.,i7.47,AGACCAGC,NA,NA,good,good,bad,good,v2_Ad2.47_AGACCAGC
Nextera like i7; Buenrostro et. al. 2015.,i7.48,AAATACAG,NA,NA,bad,good,good,bad,v2_Ad2.48_AAATACAG
Nextera like i7; Buenrostro et. al. 2015.,i7.49,TTATGAAA,NA,NA,good,bad,good,good,v2_Ad2.49_TTATGAAA
Nextera like i7; Buenrostro et. al. 2015.,i7.50,CTTGGGTC,NA,NA,good,good,good,good,v2_Ad2.50_CTTGGGTC
Nextera like i7; Buenrostro et. al. 2015.,i7.51,CCAAATAA,NA,NA,good,good,good,good,v2_Ad2.51_CCAAATAA
Nextera like i7; Buenrostro et. al. 2015.,i7.52,GCGTTAAA,NA,NA,good,good,good,bad,v2_Ad2.52_GCGTTAAA
Nextera like i7; Buenrostro et. al. 2015.,i7.53,CATCCTGT,NA,NA,good,good,good,good,v2_Ad2.53_CATCCTGT
Nextera like i7; Buenrostro et. al. 2015.,i7.54,GGAGTAAG,NA,NA,bad,good,bad,good,v2_Ad2.54_GGAGTAAG
Nextera like i7; Buenrostro et. al. 2015.,i7.55,GACGCTCC,NA,NA,good,good,good,good,v2_Ad2.55_GACGCTCC
Nextera like i7; Buenrostro et. al. 2015.,i7.56,TTCGCGGC,NA,NA,bad,bad,good,good,v2_Ad2.56_TTCGCGGC
Nextera like i7; Buenrostro et. al. 2015.,i7.57,CGGTTCCC,NA,NA,good,good,good,good,v2_Ad2.57_CGGTTCCC
Nextera like i7; Buenrostro et. al. 2015.,i7.58,ACCGGCTA,NA,NA,good,bad,good,bad,v2_Ad2.58_ACCGGCTA
Nextera like i7; Buenrostro et. al. 2015.,i7.59,CTCATGGG,NA,NA,good,good,good,good,v2_Ad2.59_CTCATGGG
Nextera like i7; Buenrostro et. al. 2015.,i7.60,TTTAATGC,NA,NA,bad,good,good,bad,v2_Ad2.60_TTTAATGC
Nextera like i7; Buenrostro et. al. 2015.,i7.61,AAACGGTC,NA,NA,good,good,good,good,v2_Ad2.61_AAACGGTC
Nextera like i7; Buenrostro et. al. 2015.,i7.62,GATCCAAA,NA,NA,bad,good,good,good,v2_Ad2.62_GATCCAAA
Nextera like i7; Buenrostro et. al. 2015.,i7.63,ATGATGAT,NA,NA,good,good,bad,bad,v2_Ad2.63_ATGATGAT
Nextera like i7; Buenrostro et. al. 2015.,i7.64,CCAACACG,NA,NA,good,bad,good,good,v2_Ad2.64_CCAACACG
Nextera like i7; Buenrostro et. al. 2015.,i7.65,TAACAACA,NA,NA,bad,good,good,bad,v2_Ad2.65_TAACAACA
Nextera like i7; Buenrostro et. al. 2015.,i7.66,GGTAAACC,NA,NA,good,bad,good,good,v2_Ad2.66_GGTAAACC
Nextera like i7; Buenrostro et. al. 2015.,i7.67,CATCGACC,NA,NA,good,good,good,bad,v2_Ad2.67_CATCGACC
Nextera like i7; Buenrostro et. al. 2015.,i7.68,ATGGGAAC,NA,NA,good,good,good,bad,v2_Ad2.68_ATGGGAAC
Nextera like i7; Buenrostro et. al. 2015.,i7.69,CGGCCAAT,NA,NA,good,good,bad,good,v2_Ad2.69_CGGCCAAT
Nextera like i7; Buenrostro et. al. 2015.,i7.70,GGGAATGA,NA,NA,good,good,good,good,v2_Ad2.70_GGGAATGA
Nextera like i7; Buenrostro et. al. 2015.,i7.71,GTATTCGG,NA,NA,good,good,bad,good,v2_Ad2.71_GTATTCGG
Nextera like i7; Buenrostro et. al. 2015.,i7.72,TCAGCTAT,NA,NA,bad,bad,bad,bad,v2_Ad2.72_TCAGCTAT
Nextera like i7; Buenrostro et. al. 2015.,i7.73,ATTTATCT,NA,NA,good,good,good,bad,v2_Ad2.73_ATTTATCT
Nextera like i7; Buenrostro et. al. 2015.,i7.74,ACAGTTGC,NA,NA,good,good,bad,good,v2_Ad2.74_ACAGTTGC
Nextera like i7; Buenrostro et. al. 2015.,i7.75,CCCGAGAT,NA,NA,good,bad,good,good,v2_Ad2.75_CCCGAGAT
Nextera like i7; Buenrostro et. al. 2015.,i7.76,TAATGTCT,NA,NA,good,bad,bad,good,v2_Ad2.76_TAATGTCT
Nextera like i7; Buenrostro et. al. 2015.,i7.77,GCCAATTC,NA,NA,good,good,good,good,v2_Ad2.77_GCCAATTC
Nextera like i7; Buenrostro et. al. 2015.,i7.78,CGCCGTGC,NA,NA,good,good,good,good,v2_Ad2.78_CGCCGTGC
Nextera like i7; Buenrostro et. al. 2015.,i7.79,CTGACCGA,NA,NA,bad,good,good,good,v2_Ad2.79_CTGACCGA
Nextera like i7; Buenrostro et. al. 2015.,i7.80,CATTTCGA,NA,NA,good,good,good,good,v2_Ad2.80_CATTTCGA
Nextera like i7; Buenrostro et. al. 2015.,i7.81,GCTTGCCA,NA,NA,bad,good,good,good,v2_Ad2.81_GCTTGCCA
Nextera like i7; Buenrostro et. al. 2015.,i7.82,TTCTACCA,NA,NA,bad,good,good,good,v2_Ad2.82_TTCTACCA
Nextera like i7; Buenrostro et. al. 2015.,i7.83,ACGTGACG,NA,NA,good,bad,good,good,v2_Ad2.83_ACGTGACG
Nextera like i7; Buenrostro et. al. 2015.,i7.84,TGTCCGCG,NA,NA,good,good,bad,good,v2_Ad2.84_TGTCCGCG
Nextera like i7; Buenrostro et. al. 2015.,i7.85,TTAAACTT,NA,NA,good,good,good,good,v2_Ad2.85_TTAAACTT
Nextera like i7; Buenrostro et. al. 2015.,i7.86,ACCACAAC,NA,NA,good,bad,good,good,v2_Ad2.86_ACCACAAC
Nextera like i7; Buenrostro et. al. 2015.,i7.87,GCCTCTGG,NA,NA,bad,good,good,good,v2_Ad2.87_GCCTCTGG
Nextera like i7; Buenrostro et. al. 2015.,i7.88,TCGCCCAC,NA,NA,good,good,good,good,v2_Ad2.88_TCGCCCAC
Nextera like i7; Buenrostro et. al. 2015.,i7.89,CACTAGGC,NA,NA,good,bad,good,good,v2_Ad2.89_CACTAGGC
Nextera like i7; Buenrostro et. al. 2015.,i7.90,TCGAAGCC,NA,NA,bad,good,bad,good,v2_Ad2.90_TCGAAGCC
Nextera like i7; Buenrostro et. al. 2015.,i7.91,GCATGTAC,NA,NA,good,bad,bad,good,v2_Ad2.91_GCATGTAC
Nextera like i7; Buenrostro et. al. 2015.,i7.92,GTTCGAGT,NA,NA,good,bad,bad,bad,v2_Ad2.92_GTTCGAGT
Nextera like i7; Buenrostro et. al. 2015.,i7.93,CCGGGCGC,NA,NA,good,good,good,good,v2_Ad2.93_CCGGGCGC
Nextera like i7; Buenrostro et. al. 2015.,i7.94,AGATTTAA,NA,NA,good,good,bad,bad,v2_Ad2.94_AGATTTAA
Nextera like i7; Buenrostro et. al. 2015.,i7.95,CACCATTG,NA,NA,bad,good,good,good,v2_Ad2.95_CACCATTG
Nextera like i7; Buenrostro et. al. 2015.,i7.96,AATAAGAC,NA,NA,good,bad,bad,bad,v2_Ad2.96_AATAAGAC
Nextera like i5; Buenrostro et. al. 2015.,i5.01,NA,GCGATCTA,TAGATCGC,good,good,good,bad,v2_Ad1.01_TAGATCGC
Nextera like i5; Buenrostro et. al. 2015.,i5.02,NA,ATAGAGAG,CTCTCTAT,good,good,good,good,v2_Ad1.02_CTCTCTAT
Nextera like i5; Buenrostro et. al. 2015.,i5.03,NA,AGAGGATA,TATCCTCT,good,good,good,good,v2_Ad1.03_TATCCTCT
Nextera like i5; Buenrostro et. al. 2015.,i5.04,NA,TCTACTCT,AGAGTAGA,good,good,good,good,v2_Ad1.04_AGAGTAGA
Nextera like i5; Buenrostro et. al. 2015.,i5.05,NA,CTCCTTAC,GTAAGGAG,good,good,good,good,v2_Ad1.05_GTAAGGAG
Nextera like i5; Buenrostro et. al. 2015.,i5.06,NA,TATGCAGT,ACTGCATA,good,good,bad,good,v2_Ad1.06_ACTGCATA
Nextera like i5; Buenrostro et. al. 2015.,i5.07,NA,TACTCCTT,AAGGAGTA,good,good,good,good,v2_Ad1.07_AAGGAGTA
Nextera like i5; Buenrostro et. al. 2015.,i5.08,NA,AGGCTTAG,CTAAGCCT,good,good,good,good,v2_Ad1.08_CTAAGCCT
Nextera like i5; Buenrostro et. al. 2015.,i5.09,NA,GATTTCCA,TGGAAATC,bad,good,good,good,v2_Ad1.09_TGGAAATC
Nextera like i5; Buenrostro et. al. 2015.,i5.10,NA,ATCATGTT,AACATGAT,bad,good,good,bad,v2_Ad1.10_AACATGAT
Nextera like i5; Buenrostro et. al. 2015.,i5.11,NA,TTTCATCA,TGATGAAA,bad,good,good,good,v2_Ad1.11_TGATGAAA
Nextera like i5; Buenrostro et. al. 2015.,i5.12,NA,AGTCCGAC,GTCGGACT,good,bad,good,bad,v2_Ad1.12_GTCGGACT
Nextera like i5; Buenrostro et. al. 2015.,i5.13,NA,GCTAGAAA,TTTCTAGC,good,good,good,good,v2_Ad1.13_TTTCTAGC
Nextera like i5; Buenrostro et. al. 2015.,i5.14,NA,CTTGGTTA,TAACCAAG,good,good,good,good,v2_Ad1.14_TAACCAAG
Nextera like i5; Buenrostro et. al. 2015.,i5.15,NA,CGATACAC,GTGTATCG,bad,bad,good,bad,v2_Ad1.15_GTGTATCG
Nextera like i5; Buenrostro et. al. 2015.,i5.16,NA,TTGATGGA,TCCATCAA,good,good,bad,good,v2_Ad1.16_TCCATCAA
Nextera like i5; Buenrostro et. al. 2015.,i5.17,NA,TGCACGAA,TTCGTGCA,bad,good,good,bad,v2_Ad1.17_TTCGTGCA
Nextera like i5; Buenrostro et. al. 2015.,i5.18,NA,GGCAACCT,AGGTTGCC,good,bad,good,bad,v2_Ad1.18_AGGTTGCC
Nextera like i5; Buenrostro et. al. 2015.,i5.19,NA,ACATAAGG,CCTTATGT,good,good,good,good,v2_Ad1.19_CCTTATGT
Nextera like i5; Buenrostro et. al. 2015.,i5.20,NA,CGTTGCTG,CAGCAACG,bad,good,good,good,v2_Ad1.20_CAGCAACG
Nextera like i5; Buenrostro et. al. 2015.,i5.21,NA,ATTGAACC,GGTTCAAT,good,good,bad,bad,v2_Ad1.21_GGTTCAAT
Nextera like i5; Buenrostro et. al. 2015.,i5.22,NA,ACGAATGT,ACATTCGT,good,good,good,good,v2_Ad1.22_ACATTCGT
Nextera like i5; Buenrostro et. al. 2015.,i5.23,NA,TGGGAATC,GATTCCCA,good,bad,bad,good,v2_Ad1.23_GATTCCCA
Nextera like i5; Buenrostro et. al. 2015.,i5.24,NA,GCAGTCCG,CGGACTGC,good,good,good,good,v2_Ad1.24_CGGACTGC
Nextera like i5; Buenrostro et. al. 2015.,i5.25,NA,GAACGGCT,AGCCGTTC,good,good,bad,good,v2_Ad1.25_AGCCGTTC
Nextera like i5; Buenrostro et. al. 2015.,i5.26,NA,GACCCAAT,ATTGGGTC,good,bad,good,good,v2_Ad1.26_ATTGGGTC
Nextera like i5; Buenrostro et. al. 2015.,i5.27,NA,AGTATGCA,TGCATACT,good,good,bad,bad,v2_Ad1.27_TGCATACT
Nextera like i5; Buenrostro et. al. 2015.,i5.28,NA,CCAAGCCC,GGGCTTGG,bad,good,bad,good,v2_Ad1.28_GGGCTTGG
Nextera like i5; Buenrostro et. al. 2015.,i5.29,NA,GCCACGTC,GACGTGGC,good,bad,bad,bad,v2_Ad1.29_GACGTGGC
Nextera like i5; Buenrostro et. al. 2015.,i5.30,NA,AAATTTGC,GCAAATTT,bad,good,bad,good,v2_Ad1.30_GCAAATTT
Nextera like i5; Buenrostro et. al. 2015.,i5.31,NA,GAGGCTGC,GCAGCCTC,bad,bad,bad,good,v2_Ad1.31_GCAGCCTC
Nextera like i5; Buenrostro et. al. 2015.,i5.32,NA,AACTCGGA,TCCGAGTT,good,bad,good,good,v2_Ad1.32_TCCGAGTT
Nextera like i5; Buenrostro et. al. 2015.,i5.33,NA,CTTAATGC,GCATTAAG,bad,bad,good,good,v2_Ad1.33_GCATTAAG
Nextera like i5; Buenrostro et. al. 2015.,i5.34,NA,GTTATCGT,ACGATAAC,bad,good,good,bad,v2_Ad1.34_ACGATAAC
Nextera like i5; Buenrostro et. al. 2015.,i5.35,NA,CCCGCAGG,CCTGCGGG,bad,good,bad,good,v2_Ad1.35_CCTGCGGG
Nextera like i5; Buenrostro et. al. 2015.,i5.36,NA,AACAATCA,TGATTGTT,bad,good,good,bad,v2_Ad1.36_TGATTGTT
Nextera like i5; Buenrostro et. al. 2015.,i5.37,NA,TCCGTGCC,GGCACGGA,bad,good,good,good,v2_Ad1.37_GGCACGGA
Nextera like i5; Buenrostro et. al. 2015.,i5.38,NA,GAATGATC,GATCATTC,good,bad,bad,good,v2_Ad1.38_GATCATTC
Nextera like i5; Buenrostro et. al. 2015.,i5.39,NA,ATGACCAT,ATGGTCAT,good,good,good,good,v2_Ad1.39_ATGGTCAT
Nextera like i5; Buenrostro et. al. 2015.,i5.40,NA,TTGGTACG,CGTACCAA,good,good,good,bad,v2_Ad1.40_CGTACCAA
Nextera like i5; Buenrostro et. al. 2015.,i5.41,NA,TAAACTGG,CCAGTTTA,good,bad,good,bad,v2_Ad1.41_CCAGTTTA
Nextera like i5; Buenrostro et. al. 2015.,i5.42,NA,GGGCCGGT,ACCGGCCC,good,good,good,good,v2_Ad1.42_ACCGGCCC
Nextera like i5; Buenrostro et. al. 2015.,i5.43,NA,ACTTCTAG,CTAGAAGT,bad,good,bad,good,v2_Ad1.43_CTAGAAGT
Nextera like i5; Buenrostro et. al. 2015.,i5.44,NA,ATCTGGCG,CGCCAGAT,good,good,good,good,v2_Ad1.44_CGCCAGAT
Nextera like i5; Buenrostro et. al. 2015.,i5.45,NA,CCATGTGA,TCACATGG,bad,good,good,good,v2_Ad1.45_TCACATGG
Nextera like i5; Buenrostro et. al. 2015.,i5.46,NA,TCGAGTTC,GAACTCGA,good,good,bad,good,v2_Ad1.46_GAACTCGA
Nextera like i5; Buenrostro et. al. 2015.,i5.47,NA,AACGGTGG,CCACCGTT,bad,bad,bad,good,v2_Ad1.47_CCACCGTT
Nextera like i5; Buenrostro et. al. 2015.,i5.48,NA,GTAACTTA,TAAGTTAC,good,good,good,bad,v2_Ad1.48_TAAGTTAC
Nextera like i5; Buenrostro et. al. 2015.,i5.49,NA,CACGTCTC,GAGACGTG,good,good,good,good,v2_Ad1.49_GAGACGTG
Nextera like i5; Buenrostro et. al. 2015.,i5.50,NA,TTAGGCAA,TTGCCTAA,good,good,good,bad,v2_Ad1.50_TTGCCTAA
Nextera like i5; Buenrostro et. al. 2015.,i5.51,NA,CAAGTTAA,TTAACTTG,good,good,bad,bad,v2_Ad1.51_TTAACTTG
Nextera like i5; Buenrostro et. al. 2015.,i5.52,NA,TGTTAAAG,CTTTAACA,bad,good,bad,good,v2_Ad1.52_CTTTAACA
Nextera like i5; Buenrostro et. al. 2015.,i5.53,NA,GGTCTACG,CGTAGACC,bad,good,bad,good,v2_Ad1.53_CGTAGACC
Nextera like i5; Buenrostro et. al. 2015.,i5.54,NA,CGCAAATA,TATTTGCG,good,bad,good,good,v2_Ad1.54_TATTTGCG
Nextera like i5; Buenrostro et. al. 2015.,i5.55,NA,TCCTGGAT,ATCCAGGA,bad,good,bad,good,v2_Ad1.55_ATCCAGGA
Nextera like i5; Buenrostro et. al. 2015.,i5.56,NA,CAGGAACA,TGTTCCTG,good,good,bad,bad,v2_Ad1.56_TGTTCCTG
Nextera like i5; Buenrostro et. al. 2015.,i5.57,NA,CTGCGCGT,ACGCGCAG,good,bad,good,good,v2_Ad1.57_ACGCGCAG
Nextera like i5; Buenrostro et. al. 2015.,i5.58,NA,TCGCCAGA,TCTGGCGA,bad,good,good,good,v2_Ad1.58_TCTGGCGA
Nextera like i5; Buenrostro et. al. 2015.,i5.59,NA,TGTAGATT,AATCTACA,good,good,bad,bad,v2_Ad1.59_AATCTACA
Nextera like i5; Buenrostro et. al. 2015.,i5.60,NA,GGTCAGTA,TACTGACC,good,good,good,good,v2_Ad1.60_TACTGACC
Nextera like i5; Buenrostro et. al. 2015.,i5.61,NA,CCCTATCG,CGATAGGG,good,bad,bad,good,v2_Ad1.61_CGATAGGG
Nextera like i5; Buenrostro et. al. 2015.,i5.62,NA,TTCTAAGT,ACTTAGAA,good,bad,bad,bad,v2_Ad1.62_ACTTAGAA
Nextera like i5; Buenrostro et. al. 2015.,i5.63,NA,AGATCTCT,AGAGATCT,good,bad,good,good,v2_Ad1.63_AGAGATCT
Nextera like i5; Buenrostro et. al. 2015.,i5.64,NA,CCTTCACC,GGTGAAGG,bad,good,bad,bad,v2_Ad1.64_GGTGAAGG
Nextera like i5; Buenrostro et. al. 2015.,i5.65,NA,CATTCGAT,ATCGAATG,good,good,good,bad,v2_Ad1.65_ATCGAATG
Nextera like i5; Buenrostro et. al. 2015.,i5.66,NA,GCTCTTGA,TCAAGAGC,bad,good,bad,good,v2_Ad1.66_TCAAGAGC
Nextera like i5; Buenrostro et. al. 2015.,i5.67,NA,ACGTGGGC,GCCCACGT,bad,good,bad,bad,v2_Ad1.67_GCCCACGT
Nextera like i5; Buenrostro et. al. 2015.,i5.68,NA,ACCGCCCA,TGGGCGGT,bad,bad,good,good,v2_Ad1.68_TGGGCGGT
Nextera like i5; Buenrostro et. al. 2015.,i5.69,NA,TCCAAGGG,CCCTTGGA,good,good,good,good,v2_Ad1.69_CCCTTGGA
Nextera like i5; Buenrostro et. al. 2015.,i5.70,NA,ACGGTAAT,ATTACCGT,bad,good,good,good,v2_Ad1.70_ATTACCGT
Nextera like i5; Buenrostro et. al. 2015.,i5.71,NA,CTCGGACT,AGTCCGAG,good,good,good,good,v2_Ad1.71_AGTCCGAG
Nextera like i5; Buenrostro et. al. 2015.,i5.72,NA,CAACAAGT,ACTTGTTG,good,good,good,good,v2_Ad1.72_ACTTGTTG
Nextera like i5; Buenrostro et. al. 2015.,i5.73,NA,TGTATTAC,GTAATACA,good,good,good,good,v2_Ad1.73_GTAATACA
Nextera like i5; Buenrostro et. al. 2015.,i5.74,NA,TAGACGCC,GGCGTCTA,good,bad,bad,good,v2_Ad1.74_GGCGTCTA
Nextera like i5; Buenrostro et. al. 2015.,i5.75,NA,AGCAGCGC,GCGCTGCT,good,bad,good,good,v2_Ad1.75_GCGCTGCT
Nextera like i5; Buenrostro et. al. 2015.,i5.76,NA,AATGGCAC,GTGCCATT,good,bad,good,good,v2_Ad1.76_GTGCCATT
Nextera like i5; Buenrostro et. al. 2015.,i5.77,NA,CATACCTA,TAGGTATG,good,good,good,good,v2_Ad1.77_TAGGTATG
Nextera like i5; Buenrostro et. al. 2015.,i5.78,NA,TAGGTGTT,AACACCTA,good,good,good,bad,v2_Ad1.78_AACACCTA
Nextera like i5; Buenrostro et. al. 2015.,i5.79,NA,GTTCGGAG,CTCCGAAC,good,bad,bad,good,v2_Ad1.79_CTCCGAAC
Nextera like i5; Buenrostro et. al. 2015.,i5.80,NA,TGCCGTTG,CAACGGCA,bad,good,bad,good,v2_Ad1.80_CAACGGCA
Nextera like i5; Buenrostro et. al. 2015.,i5.81,NA,CTACATTG,CAATGTAG,good,bad,good,good,v2_Ad1.81_CAATGTAG
Nextera like i5; Buenrostro et. al. 2015.,i5.82,NA,GGGTAGCC,GGCTACCC,good,good,bad,good,v2_Ad1.82_GGCTACCC
Nextera like i5; Buenrostro et. al. 2015.,i5.83,NA,CGGACTTT,AAAGTCCG,good,good,good,bad,v2_Ad1.83_AAAGTCCG
Nextera like i5; Buenrostro et. al. 2015.,i5.84,NA,CCGCGGAA,TTCCGCGG,good,bad,good,good,v2_Ad1.84_TTCCGCGG
Nextera like i5; Buenrostro et. al. 2015.,i5.85,NA,AAGTGCCT,AGGCACTT,good,good,good,good,v2_Ad1.85_AGGCACTT
Nextera like i5; Buenrostro et. al. 2015.,i5.86,NA,CACTGAAG,CTTCAGTG,good,bad,bad,good,v2_Ad1.86_CTTCAGTG
Nextera like i5; Buenrostro et. al. 2015.,i5.87,NA,CTACCGGC,GCCGGTAG,good,good,bad,good,v2_Ad1.87_GCCGGTAG
Nextera like i5; Buenrostro et. al. 2015.,i5.88,NA,GGATTGAA,TTCAATCC,good,bad,bad,bad,v2_Ad1.88_TTCAATCC
Nextera like i5; Buenrostro et. al. 2015.,i5.89,NA,GTGTGTGG,CCACACAC,bad,good,bad,good,v2_Ad1.89_CCACACAC
Nextera like i5; Buenrostro et. al. 2015.,i5.90,NA,GATAATAT,ATATTATC,good,bad,good,good,v2_Ad1.90_ATATTATC
Nextera like i5; Buenrostro et. al. 2015.,i5.91,NA,TGCTTCGG,CCGAAGCA,good,good,good,bad,v2_Ad1.91_CCGAAGCA
Nextera like i5; Buenrostro et. al. 2015.,i5.92,NA,ACCGATAC,GTATCGGT,bad,bad,good,bad,v2_Ad1.92_GTATCGGT
NEXTflex UDI Set A,NEXTFLEX001,AATCGTTA,ACGTTATT,AATAACGT,NA,NA,NA,NA,UDI0001
NEXTflex UDI Set A,NEXTFLEX002,GTCTACAT,TTCAAGAA,TTCTTGAA,NA,NA,NA,NA,UDI0002
NEXTflex UDI Set A,NEXTFLEX003,CGCTGCTC,GATCTGCC,GGCAGATC,NA,NA,NA,NA,UDI0003
NEXTflex UDI Set A,NEXTFLEX004,GATCAACA,TAACATAG,CTATGTTA,NA,NA,NA,NA,UDI0004
NEXTflex UDI Set A,NEXTFLEX005,CGAAGGAC,GCGTCAAC,GTTGACGC,NA,NA,NA,NA,UDI0005
NEXTflex UDI Set A,NEXTFLEX006,GATGCCGG,TCGTAGAT,ATCTACGA,NA,NA,NA,NA,UDI0006
NEXTflex UDI Set A,NEXTFLEX007,CTACGAAG,CTGTCGAG,CTCGACAG,NA,NA,NA,NA,UDI0007
NEXTflex UDI Set A,NEXTFLEX008,GATGCGTC,GCAGCCTC,GAGGCTGC,NA,NA,NA,NA,UDI0008
NEXTflex UDI Set A,NEXTFLEX009,CTACGGCA,CTACGAGG,CCTCGTAG,NA,NA,NA,NA,UDI0009
NEXTflex UDI Set A,NEXTFLEX010,GATTCCTT,TGCCTATG,CATAGGCA,NA,NA,NA,NA,UDI0010
NEXTflex UDI Set A,NEXTFLEX011,CTACTCGA,GTTCATCT,AGATGAAC,NA,NA,NA,NA,UDI0011
NEXTflex UDI Set A,NEXTFLEX012,GATTCGAG,ATACTCGG,CCGAGTAT,NA,NA,NA,NA,UDI0012
NEXTflex UDI Set A,NEXTFLEX013,AATCGGCG,TCAATATT,AATATTGA,NA,NA,NA,NA,UDI0013
NEXTflex UDI Set A,NEXTFLEX014,TTCGCCGA,CGGTATAC,GTATACCG,NA,NA,NA,NA,UDI0014
NEXTflex UDI Set A,NEXTFLEX015,CTGGCCTC,GTTGGATC,GATCCAAC,NA,NA,NA,NA,UDI0015
NEXTflex UDI Set A,NEXTFLEX016,GAACTTAT,GCGTATCT,AGATACGC,NA,NA,NA,NA,UDI0016
NEXTflex UDI Set A,NEXTFLEX017,CGTATTGG,AAGATACC,GGTATCTT,NA,NA,NA,NA,UDI0017
NEXTflex UDI Set A,NEXTFLEX018,GAAGCACA,GCCAGAGG,CCTCTGGC,NA,NA,NA,NA,UDI0018
NEXTflex UDI Set A,NEXTFLEX019,CTTAATAC,CACAATGG,CCATTGTG,NA,NA,NA,NA,UDI0019
NEXTflex UDI Set A,NEXTFLEX020,GAAGTCTT,ACCGTAGT,ACTACGGT,NA,NA,NA,NA,UDI0020
NEXTflex UDI Set A,NEXTFLEX021,GAAGAGGC,TAGCACTT,AAGTGCTA,NA,NA,NA,NA,UDI0021
NEXTflex UDI Set A,NEXTFLEX022,CGGATAAC,CGTTCGGC,GCCGAACG,NA,NA,NA,NA,UDI0022
NEXTflex UDI Set A,NEXTFLEX023,GAATCTGG,CGTGGACA,TGTCCACG,NA,NA,NA,NA,UDI0023
NEXTflex UDI Set A,NEXTFLEX024,CTGATTGA,AGTGTGTC,GACACACT,NA,NA,NA,NA,UDI0024
NEXTflex UDI Set A,NEXTFLEX025,AATCCGTT,AGCATATT,AATATGCT,NA,NA,NA,NA,UDI0025
NEXTflex UDI Set A,NEXTFLEX026,TGCGTACA,TATGAGAA,TTCTCATA,NA,NA,NA,NA,UDI0026
NEXTflex UDI Set A,NEXTFLEX027,GAATCAAT,ATCACAGA,TCTGTGAT,NA,NA,NA,NA,UDI0027
NEXTflex UDI Set A,NEXTFLEX028,TGAGTCAG,AAGTTCGG,CCGAACTT,NA,NA,NA,NA,UDI0028
NEXTflex UDI Set A,NEXTFLEX029,GAATGCTC,TGTTAGAC,GTCTAACA,NA,NA,NA,NA,UDI0029
NEXTflex UDI Set A,NEXTFLEX030,GAATATCC,ATGGCGTC,GACGCCAT,NA,NA,NA,NA,UDI0030
NEXTflex UDI Set A,NEXTFLEX031,CTTATGAA,ACATTGGC,GCCAATGT,NA,NA,NA,NA,UDI0031
NEXTflex UDI Set A,NEXTFLEX032,TCGGCACC,GACGTTGG,CCAACGTC,NA,NA,NA,NA,UDI0032
NEXTflex UDI Set A,NEXTFLEX033,AAGAAGCG,TTATCTAC,GTAGATAA,NA,NA,NA,NA,UDI0033
NEXTflex UDI Set A,NEXTFLEX034,CTCACGAT,GCCGTAAG,CTTACGGC,NA,NA,NA,NA,UDI0034
NEXTflex UDI Set A,NEXTFLEX035,TCGGTCGA,GCACTTGG,CCAAGTGC,NA,NA,NA,NA,UDI0035
NEXTflex UDI Set A,NEXTFLEX036,TCGGTAAG,TGAGTTAG,CTAACTCA,NA,NA,NA,NA,UDI0036
NEXTflex UDI Set A,NEXTFLEX037,AAGATACA,CAGATATT,AATATCTG,NA,NA,NA,NA,UDI0037
NEXTflex UDI Set A,NEXTFLEX038,GTCGCTGT,TGATATAA,TTATATCA,NA,NA,NA,NA,UDI0038
NEXTflex UDI Set A,NEXTFLEX039,TCGGATGT,ATCCGCAG,CTGCGGAT,NA,NA,NA,NA,UDI0039
NEXTflex UDI Set A,NEXTFLEX040,CGAGCCGG,CAAGCCGC,GCGGCTTG,NA,NA,NA,NA,UDI0040
NEXTflex UDI Set A,NEXTFLEX041,CGATTATC,ATCAACTC,GAGTTGAT,NA,NA,NA,NA,UDI0041
NEXTflex UDI Set A,NEXTFLEX042,TCGAAGCT,CTCAGTGC,GCACTGAG,NA,NA,NA,NA,UDI0042
NEXTflex UDI Set A,NEXTFLEX043,CTATCATT,AGGTGGTC,GACCACCT,NA,NA,NA,NA,UDI0043
NEXTflex UDI Set A,NEXTFLEX044,CGCGCCAA,CCTAGCCA,TGGCTAGG,NA,NA,NA,NA,UDI0044
NEXTflex UDI Set A,NEXTFLEX045,CGAACGGA,CCGGTAGG,CCTACCGG,NA,NA,NA,NA,UDI0045
NEXTflex UDI Set A,NEXTFLEX046,CTACTGAC,CATCCTCC,GGAGGATG,NA,NA,NA,NA,UDI0046
NEXTflex UDI Set A,NEXTFLEX047,TCTTAAGT,ATTCAGCG,CGCTGAAT,NA,NA,NA,NA,UDI0047
NEXTflex UDI Set A,NEXTFLEX048,TTAGAGTC,TCGTCACA,TGTGACGA,NA,NA,NA,NA,UDI0048
NEXTflex UDI Set A,NEXTFLEX049,AAGACGAA,AATCTATT,AATAGATT,NA,NA,NA,NA,UDI0049
NEXTflex UDI Set A,NEXTFLEX050,TTATTATG,TGCGCTAA,TTAGCGCA,NA,NA,NA,NA,UDI0050
NEXTflex UDI Set A,NEXTFLEX051,CGCTATTA,ACGGCCGC,GCGGCCGT,NA,NA,NA,NA,UDI0051
NEXTflex UDI Set A,NEXTFLEX052,TCTATCAG,GGTTACTG,CAGTAACC,NA,NA,NA,NA,UDI0052
NEXTflex UDI Set A,NEXTFLEX053,CGGTGGTA,TACTAGGC,GCCTAGTA,NA,NA,NA,NA,UDI0053
NEXTflex UDI Set A,NEXTFLEX054,TCACCAAT,GCGCCGTG,CACGGCGC,NA,NA,NA,NA,UDI0054
NEXTflex UDI Set A,NEXTFLEX055,CTGGAAGC,TCTGCACC,GGTGCAGA,NA,NA,NA,NA,UDI0055
NEXTflex UDI Set A,NEXTFLEX056,TCCTCGAT,GCAGTTAC,GTAACTGC,NA,NA,NA,NA,UDI0056
NEXTflex UDI Set A,NEXTFLEX057,AAGAGAGC,ACTGGCTG,CAGCCAGT,NA,NA,NA,NA,UDI0057
NEXTflex UDI Set A,NEXTFLEX058,TCAACGAG,GGTTGACG,CGTCAACC,NA,NA,NA,NA,UDI0058
NEXTflex UDI Set A,NEXTFLEX059,TGCGAGAC,TCGCCGGC,GCCGGCGA,NA,NA,NA,NA,UDI0059
NEXTflex UDI Set A,NEXTFLEX060,CCTGGTGT,CCGGAGGC,GCCTCCGG,NA,NA,NA,NA,UDI0060
NEXTflex UDI Set A,NEXTFLEX061,AAGTAAGT,GGACTATT,AATAGTCC,NA,NA,NA,NA,UDI0061
NEXTflex UDI Set A,NEXTFLEX062,TGACTGAA,ACGTCTAA,TTAGACGT,NA,NA,NA,NA,UDI0062
NEXTflex UDI Set A,NEXTFLEX063,AAGACTGT,TAGTCCAC,GTGGACTA,NA,NA,NA,NA,UDI0063
NEXTflex UDI Set A,NEXTFLEX064,CAATGATG,CGTCCGTG,CACGGACG,NA,NA,NA,NA,UDI0064
NEXTflex UDI Set A,NEXTFLEX065,CACAGTAA,CTCTAGTG,CACTAGAG,NA,NA,NA,NA,UDI0065
NEXTflex UDI Set A,NEXTFLEX066,TGGTCATT,CCATCTGC,GCAGATGG,NA,NA,NA,NA,UDI0066
NEXTflex UDI Set A,NEXTFLEX067,CAACCGTG,CGTGAGAG,CTCTCACG,NA,NA,NA,NA,UDI0067
NEXTflex UDI Set A,NEXTFLEX068,TGGTGCAC,GTGATTCC,GGAATCAC,NA,NA,NA,NA,UDI0068
NEXTflex UDI Set A,NEXTFLEX069,CCACAATG,CGTCAACG,CGTTGACG,NA,NA,NA,NA,UDI0069
NEXTflex UDI Set A,NEXTFLEX070,TGTGTGCC,ACCTGATG,CATCAGGT,NA,NA,NA,NA,UDI0070
NEXTflex UDI Set A,NEXTFLEX071,CACCACGG,TTACAACG,CGTTGTAA,NA,NA,NA,NA,UDI0071
NEXTflex UDI Set A,NEXTFLEX072,TGTGTTAA,ACCGTGCC,GGCACGGT,NA,NA,NA,NA,UDI0072
NEXTflex UDI Set A,NEXTFLEX073,AAGTTATC,TTGCTATT,AATAGCAA,NA,NA,NA,NA,UDI0073
NEXTflex UDI Set A,NEXTFLEX074,GTACAGCT,ACCGATCA,TGATCGGT,NA,NA,NA,NA,UDI0074
NEXTflex UDI Set A,NEXTFLEX075,CAACTGCT,ATACTACT,AGTAGTAT,NA,NA,NA,NA,UDI0075
NEXTflex UDI Set A,NEXTFLEX076,CATGATGA,CCTCTAAC,GTTAGAGG,NA,NA,NA,NA,UDI0076
NEXTflex UDI Set A,NEXTFLEX077,TGACTACT,CTGTAAGG,CCTTACAG,NA,NA,NA,NA,UDI0077
NEXTflex UDI Set A,NEXTFLEX078,CAGAAGAT,CAATGTAC,GTACATTG,NA,NA,NA,NA,UDI0078
NEXTflex UDI Set A,NEXTFLEX079,TGAGGCGC,TGGTCTCC,GGAGACCA,NA,NA,NA,NA,UDI0079
NEXTflex UDI Set A,NEXTFLEX080,CAGGTTCC,GGTGTTCG,CGAACACC,NA,NA,NA,NA,UDI0080
NEXTflex UDI Set A,NEXTFLEX081,TGAACAGG,TTGTTCTC,GAGAACAA,NA,NA,NA,NA,UDI0081
NEXTflex UDI Set A,NEXTFLEX082,CAGTGTGG,GATTCACA,TGTGAATC,NA,NA,NA,NA,UDI0082
NEXTflex UDI Set A,NEXTFLEX083,TTCCACCA,CCTTAACC,GGTTAAGG,NA,NA,NA,NA,UDI0083
NEXTflex UDI Set A,NEXTFLEX084,CCGCTGTT,TGCGGTCT,AGACCGCA,NA,NA,NA,NA,UDI0084
NEXTflex UDI Set A,NEXTFLEX085,AAGTTGGA,CCTGTATT,AATACAGG,NA,NA,NA,NA,UDI0085
NEXTflex UDI Set A,NEXTFLEX086,GGACAACG,GGCCATCA,TGATGGCC,NA,NA,NA,NA,UDI0086
NEXTflex UDI Set A,NEXTFLEX087,TTCGAACC,AGGTGACA,TGTCACCT,NA,NA,NA,NA,UDI0087
NEXTflex UDI Set A,NEXTFLEX088,CAGACCAC,GCCGAAGC,GCTTCGGC,NA,NA,NA,NA,UDI0088
NEXTflex UDI Set A,NEXTFLEX089,TTCTGGTG,ACCACTGG,CCAGTGGT,NA,NA,NA,NA,UDI0089
NEXTflex UDI Set A,NEXTFLEX090,CAATCGAA,GCGTGTGC,GCACACGC,NA,NA,NA,NA,UDI0090
NEXTflex UDI Set A,NEXTFLEX091,AAGTACAG,GACGTGAC,GTCACGTC,NA,NA,NA,NA,UDI0091
NEXTflex UDI Set A,NEXTFLEX092,CCGTGCCA,GGAGCTGC,GCAGCTCC,NA,NA,NA,NA,UDI0092
NEXTflex UDI Set A,NEXTFLEX093,CATTGCAC,GCTGCATG,CATGCAGC,NA,NA,NA,NA,UDI0093
NEXTflex UDI Set A,NEXTFLEX094,TTACCTGG,GCAATCGT,ACGATTGC,NA,NA,NA,NA,UDI0094
NEXTflex UDI Set A,NEXTFLEX095,CTGCAACG,CGAATGTC,GACATTCG,NA,NA,NA,NA,UDI0095
NEXTflex UDI Set A,NEXTFLEX096,TACTGTTA,GTATTCGC,GCGAATAC,NA,NA,NA,NA,UDI0096
NEXTflex UDI Set B,NEXTFLEX097,AAGTGTAT,CATTAATT,AATTAATG,NA,NA,NA,NA,UDI0097
NEXTflex UDI Set B,NEXTFLEX098,GTCCACTC,GGAATTAA,TTAATTCC,NA,NA,NA,NA,UDI0098
NEXTflex UDI Set B,NEXTFLEX099,CTTGCTAT,GTTCCTTC,GAAGGAAC,NA,NA,NA,NA,UDI0099
NEXTflex UDI Set B,NEXTFLEX100,TACATAGA,TATGCCTG,CAGGCATA,NA,NA,NA,NA,UDI0100
NEXTflex UDI Set B,NEXTFLEX101,TAGCCGAT,AGTATTGG,CCAATACT,NA,NA,NA,NA,UDI0101
NEXTflex UDI Set B,NEXTFLEX102,CGATCCAC,ATGCGCGA,TCGCGCAT,NA,NA,NA,NA,UDI0102
NEXTflex UDI Set B,NEXTFLEX103,TAGCGTTG,GTTCACAC,GTGTGAAC,NA,NA,NA,NA,UDI0103
NEXTflex UDI Set B,NEXTFLEX104,CTCATCAC,GTGCCACC,GGTGGCAC,NA,NA,NA,NA,UDI0104
NEXTflex UDI Set B,NEXTFLEX105,TATGCGGT,AGCACCTA,TAGGTGCT,NA,NA,NA,NA,UDI0105
NEXTflex UDI Set B,NEXTFLEX106,TAACTCGC,AACCGCTC,GAGCGGTT,NA,NA,NA,NA,UDI0106
NEXTflex UDI Set B,NEXTFLEX107,CGTACGTT,CTAATCCT,AGGATTAG,NA,NA,NA,NA,UDI0107
NEXTflex UDI Set B,NEXTFLEX108,TAAGTACC,TGGCTCAC,GTGAGCCA,NA,NA,NA,NA,UDI0108
NEXTflex UDI Set B,NEXTFLEX109,AAGTCGTG,GCATAATT,AATTATGC,NA,NA,NA,NA,UDI0109
NEXTflex UDI Set B,NEXTFLEX110,TTCAGAAC,CGGCGTAA,TTACGCCG,NA,NA,NA,NA,UDI0110
NEXTflex UDI Set B,NEXTFLEX111,GTTATATA,ATCACTAC,GTAGTGAT,NA,NA,NA,NA,UDI0111
NEXTflex UDI Set B,NEXTFLEX112,ACCGCTAT,TGCAACCA,TGGTTGCA,NA,NA,NA,NA,UDI0112
NEXTflex UDI Set B,NEXTFLEX113,ACCGTCCT,GGTCGGAC,GTCCGACC,NA,NA,NA,NA,UDI0113
NEXTflex UDI Set B,NEXTFLEX114,TGTCTAAC,CGGCTGGC,GCCAGCCG,NA,NA,NA,NA,UDI0114
NEXTflex UDI Set B,NEXTFLEX115,ACCGAGGT,GACACGAG,CTCGTGTC,NA,NA,NA,NA,UDI0115
NEXTflex UDI Set B,NEXTFLEX116,ACCGATTA,GCCACGGC,GCCGTGGC,NA,NA,NA,NA,UDI0116
NEXTflex UDI Set B,NEXTFLEX117,GTTCTACT,GTGGCTAC,GTAGCCAC,NA,NA,NA,NA,UDI0117
NEXTflex UDI Set B,NEXTFLEX118,ACCTGACT,TATAAGTC,GACTTATA,NA,NA,NA,NA,UDI0118
NEXTflex UDI Set B,NEXTFLEX119,GGTAATCG,CGACGTTC,GAACGTCG,NA,NA,NA,NA,UDI0119
NEXTflex UDI Set B,NEXTFLEX120,ACCTTAGA,CTACGCAT,ATGCGTAG,NA,NA,NA,NA,UDI0120
NEXTflex UDI Set B,NEXTFLEX121,AAGGAGTT,ATCTAATT,AATTAGAT,NA,NA,NA,NA,UDI0121
NEXTflex UDI Set B,NEXTFLEX122,TGAAGCCA,TATCGTAA,TTACGATA,NA,NA,NA,NA,UDI0122
NEXTflex UDI Set B,NEXTFLEX123,GTGTTGTA,TTGTACAG,CTGTACAA,NA,NA,NA,NA,UDI0123
NEXTflex UDI Set B,NEXTFLEX124,ACCACACG,CAACCACG,CGTGGTTG,NA,NA,NA,NA,UDI0124
NEXTflex UDI Set B,NEXTFLEX125,ACCAGGAC,CCGCTACA,TGTAGCGG,NA,NA,NA,NA,UDI0125
NEXTflex UDI Set B,NEXTFLEX126,TTGGCAGG,CATGACAC,GTGTCATG,NA,NA,NA,NA,UDI0126
NEXTflex UDI Set B,NEXTFLEX127,ACCATTAA,ACCGGTTC,GAACCGGT,NA,NA,NA,NA,UDI0127
NEXTflex UDI Set B,NEXTFLEX128,TTGTAGAT,TCAGAGTG,CACTCTGA,NA,NA,NA,NA,UDI0128
NEXTflex UDI Set B,NEXTFLEX129,ACCATATC,AACGTGTA,TACACGTT,NA,NA,NA,NA,UDI0129
NEXTflex UDI Set B,NEXTFLEX130,TTGGTGGC,AGGCACTC,GAGTGCCT,NA,NA,NA,NA,UDI0130
NEXTflex UDI Set B,NEXTFLEX131,ACCAACAT,GGACCGTC,GACGGTCC,NA,NA,NA,NA,UDI0131
NEXTflex UDI Set B,NEXTFLEX132,GTCTGTGC,AGCATCAG,CTGATGCT,NA,NA,NA,NA,UDI0132
NEXTflex UDI Set B,NEXTFLEX133,AAGGCAAT,TGGTAATT,AATTACCA,NA,NA,NA,NA,UDI0133
NEXTflex UDI Set B,NEXTFLEX134,TGCATTGC,AACAGGAC,GTCCTGTT,NA,NA,NA,NA,UDI0134
NEXTflex UDI Set B,NEXTFLEX135,ACGCCACT,CTGTTAAC,GTTAACAG,NA,NA,NA,NA,UDI0135
NEXTflex UDI Set B,NEXTFLEX136,AAGTCTCC,TACAGGCT,AGCCTGTA,NA,NA,NA,NA,UDI0136
NEXTflex UDI Set B,NEXTFLEX137,GGATCTCT,AGCAACGT,ACGTTGCT,NA,NA,NA,NA,UDI0137
NEXTflex UDI Set B,NEXTFLEX138,ACGCGATC,GCAACACC,GGTGTTGC,NA,NA,NA,NA,UDI0138
NEXTflex UDI Set B,NEXTFLEX139,GGATAATA,TAGTACCA,TGGTACTA,NA,NA,NA,NA,UDI0139
NEXTflex UDI Set B,NEXTFLEX140,ACGCTTAT,CAATGATG,CATCATTG,NA,NA,NA,NA,UDI0140
NEXTflex UDI Set B,NEXTFLEX141,TTAGGTTG,CAATCGTC,GACGATTG,NA,NA,NA,NA,UDI0141
NEXTflex UDI Set B,NEXTFLEX142,ACGCACAA,TTCGGCCG,CGGCCGAA,NA,NA,NA,NA,UDI0142
NEXTflex UDI Set B,NEXTFLEX143,TGAATATA,GGCGGCAG,CTGCCGCC,NA,NA,NA,NA,UDI0143
NEXTflex UDI Set B,NEXTFLEX144,TGCTCCGC,CGGTTAGT,ACTAACCG,NA,NA,NA,NA,UDI0144
NEXTflex UDI Set B,NEXTFLEX145,AAGCAATA,TCTCAATT,AATTGAGA,NA,NA,NA,NA,UDI0145
NEXTflex UDI Set B,NEXTFLEX146,TTATGTAT,CTCTTGAA,TTCAAGAG,NA,NA,NA,NA,UDI0146
NEXTflex UDI Set B,NEXTFLEX147,ACGGCAGA,TTGCGGAC,GTCCGCAA,NA,NA,NA,NA,UDI0147
NEXTflex UDI Set B,NEXTFLEX148,GGACTCTG,CTACCTTG,CAAGGTAG,NA,NA,NA,NA,UDI0148
NEXTflex UDI Set B,NEXTFLEX149,GTACGTAC,GAGTCGCT,AGCGACTC,NA,NA,NA,NA,UDI0149
NEXTflex UDI Set B,NEXTFLEX150,GGAAGGTA,GATACTAC,GTAGTATC,NA,NA,NA,NA,UDI0150
NEXTflex UDI Set B,NEXTFLEX151,ACGTCCAT,TTCGCCAC,GTGGCGAA,NA,NA,NA,NA,UDI0151
NEXTflex UDI Set B,NEXTFLEX152,ACGTGTTG,GCGCACGT,ACGTGCGC,NA,NA,NA,NA,UDI0152
NEXTflex UDI Set B,NEXTFLEX153,TGAAGAAT,CTGTCTTC,GAAGACAG,NA,NA,NA,NA,UDI0153
NEXTflex UDI Set B,NEXTFLEX154,ACGTAGTC,ATCTGCGC,GCGCAGAT,NA,NA,NA,NA,UDI0154
NEXTflex UDI Set B,NEXTFLEX155,AAGGATAA,ATGTCTCT,AGAGACAT,NA,NA,NA,NA,UDI0155
NEXTflex UDI Set B,NEXTFLEX156,GGCGAGGA,AACAAGTG,CACTTGTT,NA,NA,NA,NA,UDI0156
NEXTflex UDI Set B,NEXTFLEX157,AACAAGGC,GACCAATT,AATTGGTC,NA,NA,NA,NA,UDI0157
NEXTflex UDI Set B,NEXTFLEX158,TTGGTCCG,AGTGTTAA,TTAACACT,NA,NA,NA,NA,UDI0158
NEXTflex UDI Set B,NEXTFLEX159,ACGAGCCT,CGCTGAGC,GCTCAGCG,NA,NA,NA,NA,UDI0159
NEXTflex UDI Set B,NEXTFLEX160,GGAGATTC,GTCTGAAC,GTTCAGAC,NA,NA,NA,NA,UDI0160
NEXTflex UDI Set B,NEXTFLEX161,TGCGCGCT,CGCAACTG,CAGTTGCG,NA,NA,NA,NA,UDI0161
NEXTflex UDI Set B,NEXTFLEX162,ACGATCTA,CATATTGC,GCAATATG,NA,NA,NA,NA,UDI0162
NEXTflex UDI Set B,NEXTFLEX163,TGCTGAGG,ACGTTGCG,CGCAACGT,NA,NA,NA,NA,UDI0163
NEXTflex UDI Set B,NEXTFLEX164,ACTCCTCC,ATCTCACC,GGTGAGAT,NA,NA,NA,NA,UDI0164
NEXTflex UDI Set B,NEXTFLEX165,ACTCTACG,TCAGCTGG,CCAGCTGA,NA,NA,NA,NA,UDI0165
NEXTflex UDI Set B,NEXTFLEX166,TTCGTTCT,TGCTCAAC,GTTGAGCA,NA,NA,NA,NA,UDI0166
NEXTflex UDI Set B,NEXTFLEX167,TGCAGTCG,CACTACAG,CTGTAGTG,NA,NA,NA,NA,UDI0167
NEXTflex UDI Set B,NEXTFLEX168,TGCCGTAA,GGATGCAC,GTGCATCC,NA,NA,NA,NA,UDI0168
NEXTflex UDI Set B,NEXTFLEX169,AACAGTTG,AGTGAATT,AATTCACT,NA,NA,NA,NA,UDI0169
NEXTflex UDI Set B,NEXTFLEX170,TGTTAACA,TCACTGAA,TTCAGTGA,NA,NA,NA,NA,UDI0170
NEXTflex UDI Set B,NEXTFLEX171,ACTTCCTG,TCGCGACT,AGTCGCGA,NA,NA,NA,NA,UDI0171
NEXTflex UDI Set B,NEXTFLEX172,TGAATGCG,CGATATGG,CCATATCG,NA,NA,NA,NA,UDI0172
NEXTflex UDI Set B,NEXTFLEX173,ACTTGTAC,CCATGCTT,AAGCATGG,NA,NA,NA,NA,UDI0173
NEXTflex UDI Set B,NEXTFLEX174,ACTACTTA,TAGACACG,CGTGTCTA,NA,NA,NA,NA,UDI0174
NEXTflex UDI Set B,NEXTFLEX175,CTCTTCGT,TTAGACGG,CCGTCTAA,NA,NA,NA,NA,UDI0175
NEXTflex UDI Set B,NEXTFLEX176,ACTAGCTC,CACTCTCG,CGAGAGTG,NA,NA,NA,NA,UDI0176
NEXTflex UDI Set B,NEXTFLEX177,TTATCAAC,CGTACTCG,CGAGTACG,NA,NA,NA,NA,UDI0177
NEXTflex UDI Set B,NEXTFLEX178,TGCTTGTC,TGAGACAC,GTGTCTCA,NA,NA,NA,NA,UDI0178
NEXTflex UDI Set B,NEXTFLEX179,AAGGTAGG,AGCGATGG,CCATCGCT,NA,NA,NA,NA,UDI0179
NEXTflex UDI Set B,NEXTFLEX180,TGGTATGG,GAGCGAAG,CTTCGCTC,NA,NA,NA,NA,UDI0180
NEXTflex UDI Set B,NEXTFLEX181,AACACATA,TTAGAATT,AATTCTAA,NA,NA,NA,NA,UDI0181
NEXTflex UDI Set B,NEXTFLEX182,TGGTGTCT,CAGATGAA,TTCATCTG,NA,NA,NA,NA,UDI0182
NEXTflex UDI Set B,NEXTFLEX183,ACACTAAC,TTCACTGT,ACAGTGAA,NA,NA,NA,NA,UDI0183
NEXTflex UDI Set B,NEXTFLEX184,TTGTGTTC,TCACATCT,AGATGTGA,NA,NA,NA,NA,UDI0184
NEXTflex UDI Set B,NEXTFLEX185,ACACACCT,CAGTTGCC,GGCAACTG,NA,NA,NA,NA,UDI0185
NEXTflex UDI Set B,NEXTFLEX186,GGTGTCCG,AGACGCTG,CAGCGTCT,NA,NA,NA,NA,UDI0186
NEXTflex UDI Set B,NEXTFLEX187,ACACATTC,ACCGACAG,CTGTCGGT,NA,NA,NA,NA,UDI0187
NEXTflex UDI Set B,NEXTFLEX188,TTGCTTAA,AACGCCGA,TCGGCGTT,NA,NA,NA,NA,UDI0188
NEXTflex UDI Set B,NEXTFLEX189,ACAGCCTT,CGCGTGTG,CACACGCG,NA,NA,NA,NA,UDI0189
NEXTflex UDI Set B,NEXTFLEX190,TTGCAGTA,TGTTGGCT,AGCCAACA,NA,NA,NA,NA,UDI0190
NEXTflex UDI Set B,NEXTFLEX191,ACAGGCAG,AACTTGCT,AGCAAGTT,NA,NA,NA,NA,UDI0191
NEXTflex UDI Set B,NEXTFLEX192,TTGCCATC,TGACGCGT,ACGCGTCA,NA,NA,NA,NA,UDI0192
NEXTflex UDI Set C,NEXTFLEX193,ATAATGTA,GGTTCATT,AATGAACC,NA,NA,NA,NA,UDI0193
NEXTflex UDI Set C,NEXTFLEX194,TCGTACCG,CCACTTCC,GGAAGTGG,NA,NA,NA,NA,UDI0194
NEXTflex UDI Set C,NEXTFLEX195,GTTATTAT,GCTTAGCG,CGCTAAGC,NA,NA,NA,NA,UDI0195
NEXTflex UDI Set C,NEXTFLEX196,ACAGAAGC,GCTATGAC,GTCATAGC,NA,NA,NA,NA,UDI0196
NEXTflex UDI Set C,NEXTFLEX197,TTGATAAT,ATGGTCAC,GTGACCAT,NA,NA,NA,NA,UDI0197
NEXTflex UDI Set C,NEXTFLEX198,ACATCGGA,TCAACTTC,GAAGTTGA,NA,NA,NA,NA,UDI0198
NEXTflex UDI Set C,NEXTFLEX199,ACCTCTCA,TTAACCGC,GCGGTTAA,NA,NA,NA,NA,UDI0199
NEXTflex UDI Set C,NEXTFLEX200,GTGAGTGT,AAGAGGCG,CGCCTCTT,NA,NA,NA,NA,UDI0200
NEXTflex UDI Set C,NEXTFLEX201,ACATCACC,TCCAGAAC,GTTCTGGA,NA,NA,NA,NA,UDI0201
NEXTflex UDI Set C,NEXTFLEX202,CTCGCTTG,GATGCAGT,ACTGCATC,NA,NA,NA,NA,UDI0202
NEXTflex UDI Set C,NEXTFLEX203,ACATGGAT,GGCTAACC,GGTTAGCC,NA,NA,NA,NA,UDI0203
NEXTflex UDI Set C,NEXTFLEX204,TCAGGATC,GCTGTGGA,TCCACAGC,NA,NA,NA,NA,UDI0204
NEXTflex UDI Set C,NEXTFLEX205,ATAAGGCT,GCCACATT,AATGTGGC,NA,NA,NA,NA,UDI0205
NEXTflex UDI Set C,NEXTFLEX206,TCTTACTC,CTTGTGAC,GTCACAAG,NA,NA,NA,NA,UDI0206
NEXTflex UDI Set C,NEXTFLEX207,ACATGATA,TATCTACG,CGTAGATA,NA,NA,NA,NA,UDI0207
NEXTflex UDI Set C,NEXTFLEX208,TTGCCTCT,TAGCCGCA,TGCGGCTA,NA,NA,NA,NA,UDI0208
NEXTflex UDI Set C,NEXTFLEX209,ACATTCTC,AGAGTTGT,ACAACTCT,NA,NA,NA,NA,UDI0209
NEXTflex UDI Set C,NEXTFLEX210,ACATATGT,CTGCGATC,GATCGCAG,NA,NA,NA,NA,UDI0210
NEXTflex UDI Set C,NEXTFLEX211,GTTGGTAG,ATGTTCCA,TGGAACAT,NA,NA,NA,NA,UDI0211
NEXTflex UDI Set C,NEXTFLEX212,ACAACCGC,GGTATGTG,CACATACC,NA,NA,NA,NA,UDI0212
NEXTflex UDI Set C,NEXTFLEX213,AAGCAGAC,TTCTTAGC,GCTAAGAA,NA,NA,NA,NA,UDI0213
NEXTflex UDI Set C,NEXTFLEX214,ACAAGGTG,TGGTTAAG,CTTAACCA,NA,NA,NA,NA,UDI0214
NEXTflex UDI Set C,NEXTFLEX215,ACAAGAGT,TTGAAGGC,GCCTTCAA,NA,NA,NA,NA,UDI0215
NEXTflex UDI Set C,NEXTFLEX216,TTGGAATT,TTCCAGTT,AACTGGAA,NA,NA,NA,NA,UDI0216
NEXTflex UDI Set C,NEXTFLEX217,ATAACAGA,CTTCCATT,AATGGAAG,NA,NA,NA,NA,UDI0217
NEXTflex UDI Set C,NEXTFLEX218,TATTGTCG,GAATTGAA,TTCAATTC,NA,NA,NA,NA,UDI0218
NEXTflex UDI Set C,NEXTFLEX219,ACAATGCC,TAAGGACG,CGTCCTTA,NA,NA,NA,NA,UDI0219
NEXTflex UDI Set C,NEXTFLEX220,TATGGTTC,TACCGGTG,CACCGGTA,NA,NA,NA,NA,UDI0220
NEXTflex UDI Set C,NEXTFLEX221,AGCCACAG,TGGTTCCT,AGGAACCA,NA,NA,NA,NA,UDI0221
NEXTflex UDI Set C,NEXTFLEX222,GCTATCGA,GGAAGATC,GATCTTCC,NA,NA,NA,NA,UDI0222
NEXTflex UDI Set C,NEXTFLEX223,AGCGCTCG,ACAAGCCG,CGGCTTGT,NA,NA,NA,NA,UDI0223
NEXTflex UDI Set C,NEXTFLEX224,TGCGCTTC,GTGTCGGC,GCCGACAC,NA,NA,NA,NA,UDI0224
NEXTflex UDI Set C,NEXTFLEX225,TCTACGCC,GTACGCCG,CGGCGTAC,NA,NA,NA,NA,UDI0225
NEXTflex UDI Set C,NEXTFLEX226,TATCACAA,AATGAGGC,GCCTCATT,NA,NA,NA,NA,UDI0226
NEXTflex UDI Set C,NEXTFLEX227,AGCTTGGT,TCGTGCCG,CGGCACGA,NA,NA,NA,NA,UDI0227
NEXTflex UDI Set C,NEXTFLEX228,AGCTTATG,CTACAGGC,GCCTGTAG,NA,NA,NA,NA,UDI0228
NEXTflex UDI Set C,NEXTFLEX229,ATAACGAC,AGGCCATT,AATGGCCT,NA,NA,NA,NA,UDI0229
NEXTflex UDI Set C,NEXTFLEX230,GATGGAGT,GCCTGGAA,TTCCAGGC,NA,NA,NA,NA,UDI0230
NEXTflex UDI Set C,NEXTFLEX231,TGATCTAA,GAGGTTAA,TTAACCTC,NA,NA,NA,NA,UDI0231
NEXTflex UDI Set C,NEXTFLEX232,AGCTATAT,TCCTAACG,CGTTAGGA,NA,NA,NA,NA,UDI0232
NEXTflex UDI Set C,NEXTFLEX233,AGCAGAGA,ATTATGGC,GCCATAAT,NA,NA,NA,NA,UDI0233
NEXTflex UDI Set C,NEXTFLEX234,GACGTAAG,GGCTTGGC,GCCAAGCC,NA,NA,NA,NA,UDI0234
NEXTflex UDI Set C,NEXTFLEX235,AGGCCTGA,TGACCGAG,CTCGGTCA,NA,NA,NA,NA,UDI0235
NEXTflex UDI Set C,NEXTFLEX236,CCGCCTCG,TGTTACGT,ACGTAACA,NA,NA,NA,NA,UDI0236
NEXTflex UDI Set C,NEXTFLEX237,AGGCGAAT,GAGGACGC,GCGTCCTC,NA,NA,NA,NA,UDI0237
NEXTflex UDI Set C,NEXTFLEX238,TTGTTCTT,ACTTGTAG,CTACAAGT,NA,NA,NA,NA,UDI0238
NEXTflex UDI Set C,NEXTFLEX239,TACTCCTG,GGACACGC,GCGTGTCC,NA,NA,NA,NA,UDI0239
NEXTflex UDI Set C,NEXTFLEX240,GACTGGCG,TCAGTCGC,GCGACTGA,NA,NA,NA,NA,UDI0240
NEXTflex UDI Set C,NEXTFLEX241,ATATATAC,CAAGCATT,AATGCTTG,NA,NA,NA,NA,UDI0241
NEXTflex UDI Set C,NEXTFLEX242,TAGATCGG,TTGATTAA,TTAATCAA,NA,NA,NA,NA,UDI0242
NEXTflex UDI Set C,NEXTFLEX243,AGGCAAGC,GTCCAGAG,CTCTGGAC,NA,NA,NA,NA,UDI0243
NEXTflex UDI Set C,NEXTFLEX244,TCCAGGTA,ACTGGAGC,GCTCCAGT,NA,NA,NA,NA,UDI0244
NEXTflex UDI Set C,NEXTFLEX245,AGGTCAAG,ATAACGCG,CGCGTTAT,NA,NA,NA,NA,UDI0245
NEXTflex UDI Set C,NEXTFLEX246,TACACTGG,GATTGAGC,GCTCAATC,NA,NA,NA,NA,UDI0246
NEXTflex UDI Set C,NEXTFLEX247,TCCTTGCG,CACATGCG,CGCATGTG,NA,NA,NA,NA,UDI0247
NEXTflex UDI Set C,NEXTFLEX248,AGGACCTC,TTGGCAGC,GCTGCCAA,NA,NA,NA,NA,UDI0248
NEXTflex UDI Set C,NEXTFLEX249,TAAGCATT,ATAGTTCG,CGAACTAT,NA,NA,NA,NA,UDI0249
NEXTflex UDI Set C,NEXTFLEX250,AGGATATT,GAGACAGC,GCTGTCTC,NA,NA,NA,NA,UDI0250
NEXTflex UDI Set C,NEXTFLEX251,TCATTCGG,AACCGTCG,CGACGGTT,NA,NA,NA,NA,UDI0251
NEXTflex UDI Set C,NEXTFLEX252,AGTCCGAC,TGTGAAGC,GCTTCACA,NA,NA,NA,NA,UDI0252
NEXTflex UDI Set C,NEXTFLEX253,ATATTACA,TGCGCATT,AATGCGCA,NA,NA,NA,NA,UDI0253
NEXTflex UDI Set C,NEXTFLEX254,TCTCCGTG,ACGATTCA,TGAATCGT,NA,NA,NA,NA,UDI0254
NEXTflex UDI Set C,NEXTFLEX255,TAATAGGA,CTGGTTAG,CTAACCAG,NA,NA,NA,NA,UDI0255
NEXTflex UDI Set C,NEXTFLEX256,TTGTAAGA,TCACAAGC,GCTTGTGA,NA,NA,NA,NA,UDI0256
NEXTflex UDI Set C,NEXTFLEX257,GAATGTAA,AGTGCCAG,CTGGCACT,NA,NA,NA,NA,UDI0257
NEXTflex UDI Set C,NEXTFLEX258,AGTCAATT,GACCGTGC,GCACGGTC,NA,NA,NA,NA,UDI0258
NEXTflex UDI Set C,NEXTFLEX259,GAACAATT,AATCCAAG,CTTGGATT,NA,NA,NA,NA,UDI0259
NEXTflex UDI Set C,NEXTFLEX260,AGTGGTCA,TGATGTGC,GCACATCA,NA,NA,NA,NA,UDI0260
NEXTflex UDI Set C,NEXTFLEX261,TACAATAT,TATTGAAG,CTTCAATA,NA,NA,NA,NA,UDI0261
NEXTflex UDI Set C,NEXTFLEX262,AAGCGCGT,ACCAGTAA,TTACTGGT,NA,NA,NA,NA,UDI0262
NEXTflex UDI Set C,NEXTFLEX263,GAACCTTA,GGACTCAG,CTGAGTCC,NA,NA,NA,NA,UDI0263
NEXTflex UDI Set C,NEXTFLEX264,AGTGTACT,AAGTATGC,GCATACTT,NA,NA,NA,NA,UDI0264
NEXTflex UDI Set C,NEXTFLEX265,TATACCAT,GTGGCATT,AATGCCAC,NA,NA,NA,NA,UDI0265
NEXTflex UDI Set C,NEXTFLEX266,ATCGTGGA,CAACGGCC,GGCCGTTG,NA,NA,NA,NA,UDI0266
NEXTflex UDI Set C,NEXTFLEX267,GCAAGACA,GTCTATGC,GCATAGAC,NA,NA,NA,NA,UDI0267
NEXTflex UDI Set C,NEXTFLEX268,TACAGGCC,GGCGAATG,CATTCGCC,NA,NA,NA,NA,UDI0268
NEXTflex UDI Set C,NEXTFLEX269,AGTTCCGT,ACGCGGCC,GGCCGCGT,NA,NA,NA,NA,UDI0269
NEXTflex UDI Set C,NEXTFLEX270,TCAATTAT,CCTTCAGG,CCTGAAGG,NA,NA,NA,NA,UDI0270
NEXTflex UDI Set C,NEXTFLEX271,AGTTCATA,TGAAGGCC,GGCCTTCA,NA,NA,NA,NA,UDI0271
NEXTflex UDI Set C,NEXTFLEX272,TCACCGGC,AGTAAGCC,GGCTTACT,NA,NA,NA,NA,UDI0272
NEXTflex UDI Set C,NEXTFLEX273,GACACCGA,CGAGCAGA,TCTGCTCG,NA,NA,NA,NA,UDI0273
NEXTflex UDI Set C,NEXTFLEX274,AGTTGGCT,GGAGTGCC,GGCACTCC,NA,NA,NA,NA,UDI0274
NEXTflex UDI Set C,NEXTFLEX275,TACGTCTC,ACGACATG,CATGTCGT,NA,NA,NA,NA,UDI0275
NEXTflex UDI Set C,NEXTFLEX276,CCGGTACA,AATAGGTA,TACCTATT,NA,NA,NA,NA,UDI0276
NEXTflex UDI Set C,NEXTFLEX277,TATACATC,TTCAGATT,AATCTGAA,NA,NA,NA,NA,UDI0277
NEXTflex UDI Set C,NEXTFLEX278,ATCGTTAG,ACTTCGCA,TGCGAAGT,NA,NA,NA,NA,UDI0278
NEXTflex UDI Set C,NEXTFLEX279,GAATTACG,TCTCCTTG,CAAGGAGA,NA,NA,NA,NA,UDI0279
NEXTflex UDI Set C,NEXTFLEX280,AGTACTGC,CTAAGACC,GGTCTTAG,NA,NA,NA,NA,UDI0280
NEXTflex UDI Set C,NEXTFLEX281,TACTAACG,ATTACTTG,CAAGTAAT,NA,NA,NA,NA,UDI0281
NEXTflex UDI Set C,NEXTFLEX282,AGTATGTC,TACTGACC,GGTCAGTA,NA,NA,NA,NA,UDI0282
NEXTflex UDI Set C,NEXTFLEX283,TAAGTGTG,GTGACTGG,CCAGTCAC,NA,NA,NA,NA,UDI0283
NEXTflex UDI Set C,NEXTFLEX284,ATATAAGG,ACATGACC,GGTCATGT,NA,NA,NA,NA,UDI0284
NEXTflex UDI Set C,NEXTFLEX285,ATAGAATA,GGTCGTTG,CAACGACC,NA,NA,NA,NA,UDI0285
NEXTflex UDI Set C,NEXTFLEX286,TCTAGAGA,CAAGAACC,GGTTCTTG,NA,NA,NA,NA,UDI0286
NEXTflex UDI Set C,NEXTFLEX287,ATAGGCCA,GTATGTTG,CAACATAC,NA,NA,NA,NA,UDI0287
NEXTflex UDI Set C,NEXTFLEX288,ATAGCGGT,AATCAACC,GGTTGATT,NA,NA,NA,NA,UDI0288
NEXTflex UDI Set D,NEXTFLEX289,ATATCCTA,CTATTATT,AATAATAG,NA,NA,NA,NA,UDI0289
NEXTflex UDI Set D,NEXTFLEX290,GATAGGAT,TATCCGAC,GTCGGATA,NA,NA,NA,NA,UDI0290
NEXTflex UDI Set D,NEXTFLEX291,ATACTGCG,ACAATGTG,CACATTGT,NA,NA,NA,NA,UDI0291
NEXTflex UDI Set D,NEXTFLEX292,TCTTCCGA,TTGTAACC,GGTTACAA,NA,NA,NA,NA,UDI0292
NEXTflex UDI Set D,NEXTFLEX293,ATACCTAT,AATTCGTG,CACGAATT,NA,NA,NA,NA,UDI0293
NEXTflex UDI Set D,NEXTFLEX294,TCGTTATA,TGCATACC,GGTATGCA,NA,NA,NA,NA,UDI0294
NEXTflex UDI Set D,NEXTFLEX295,TAATTAGT,AGGTCCTG,CAGGACCT,NA,NA,NA,NA,UDI0295
NEXTflex UDI Set D,NEXTFLEX296,ATTATTCG,GCCAGTCC,GGACTGGC,NA,NA,NA,NA,UDI0296
NEXTflex UDI Set D,NEXTFLEX297,TAATAATC,TCGCTCTG,CAGAGCGA,NA,NA,NA,NA,UDI0297
NEXTflex UDI Set D,NEXTFLEX298,ATTATCGC,CTAGCTCC,GGAGCTAG,NA,NA,NA,NA,UDI0298
NEXTflex UDI Set D,NEXTFLEX299,TAATATAG,CTAAGCTG,CAGCTTAG,NA,NA,NA,NA,UDI0299
NEXTflex UDI Set D,NEXTFLEX300,ATTAGACA,GTTGGCGG,CCGCCAAC,NA,NA,NA,NA,UDI0300
NEXTflex UDI Set D,NEXTFLEX301,ATAGATCT,CGCATAGG,CCTATGCG,NA,NA,NA,NA,UDI0301
NEXTflex UDI Set D,NEXTFLEX302,TAGAGCTC,TCGGATCC,GGATCCGA,NA,NA,NA,NA,UDI0302
NEXTflex UDI Set D,NEXTFLEX303,ATTACAAT,AACAATCC,GGATTGTT,NA,NA,NA,NA,UDI0303
NEXTflex UDI Set D,NEXTFLEX304,ATTGAAGT,TTCACCTG,CAGGTGAA,NA,NA,NA,NA,UDI0304
NEXTflex UDI Set D,NEXTFLEX305,ATTGATTC,AATGTTCC,GGAACATT,NA,NA,NA,NA,UDI0305
NEXTflex UDI Set D,NEXTFLEX306,TAACTAAG,GAGTCTTG,CAAGACTC,NA,NA,NA,NA,UDI0306
NEXTflex UDI Set D,NEXTFLEX307,ATTGACAA,CGCCGCAC,GTGCGGCG,NA,NA,NA,NA,UDI0307
NEXTflex UDI Set D,NEXTFLEX308,ATTGTGTT,GAAGATTG,CAATCTTC,NA,NA,NA,NA,UDI0308
NEXTflex UDI Set D,NEXTFLEX309,ATTGCTGA,CTGAGCAC,GTGCTCAG,NA,NA,NA,NA,UDI0309
NEXTflex UDI Set D,NEXTFLEX310,TACATCCT,ATGCGTTG,CAACGCAT,NA,NA,NA,NA,UDI0310
NEXTflex UDI Set D,NEXTFLEX311,ATTCACGG,GCCTACAC,GTGTAGGC,NA,NA,NA,NA,UDI0311
NEXTflex UDI Set D,NEXTFLEX312,TAATTGAC,TATAGTTG,CAACTATA,NA,NA,NA,NA,UDI0312
NEXTflex UDI Set D,NEXTFLEX313,ATAGTCTG,TGCAATGC,GCATTGCA,NA,NA,NA,NA,UDI0313
NEXTflex UDI Set D,NEXTFLEX314,TATAAGAC,CATGTAAG,CTTACATG,NA,NA,NA,NA,UDI0314
NEXTflex UDI Set D,NEXTFLEX315,ATTCTTAC,CTATACAC,GTGTATAG,NA,NA,NA,NA,UDI0315
NEXTflex UDI Set D,NEXTFLEX316,TCGATTCA,TGATTGTT,AACAATCA,NA,NA,NA,NA,UDI0316
NEXTflex UDI Set D,NEXTFLEX317,ATTCTCTA,AGATAGTG,CACTATCT,NA,NA,NA,NA,UDI0317
NEXTflex UDI Set D,NEXTFLEX318,ATTCGATG,GAGATCAC,GTGATCTC,NA,NA,NA,NA,UDI0318
NEXTflex UDI Set D,NEXTFLEX319,TAAGCTAC,ACGGATTG,CAATCCGT,NA,NA,NA,NA,UDI0319
NEXTflex UDI Set D,NEXTFLEX320,ATTCGTGT,TGACGAAC,GTTCGTCA,NA,NA,NA,NA,UDI0320
NEXTflex UDI Set D,NEXTFLEX321,ATGAATAT,TTAAGTGG,CCACTTAA,NA,NA,NA,NA,UDI0321
NEXTflex UDI Set D,NEXTFLEX322,ATGAAGGA,CATTCAAC,GTTGAATG,NA,NA,NA,NA,UDI0322
NEXTflex UDI Set D,NEXTFLEX323,ATGAACTG,CTTGCTGG,CCAGCAAG,NA,NA,NA,NA,UDI0323
NEXTflex UDI Set D,NEXTFLEX324,ATGAGCAC,GAACTAAC,GTTAGTTC,NA,NA,NA,NA,UDI0324
NEXTflex UDI Set D,NEXTFLEX325,ATAGGAAT,TAGCCTGG,CCAGGCTA,NA,NA,NA,NA,UDI0325
NEXTflex UDI Set D,NEXTFLEX326,TAGACGGC,AGCGGACC,GGTCCGCT,NA,NA,NA,NA,UDI0326
NEXTflex UDI Set D,NEXTFLEX327,GAATAGTG,TGGAAGTG,CACTTCCA,NA,NA,NA,NA,UDI0327
NEXTflex UDI Set D,NEXTFLEX328,ATGACACC,AACTTAAC,GTTAAGTT,NA,NA,NA,NA,UDI0328
NEXTflex UDI Set D,NEXTFLEX329,ATGACGTT,ACTAGATT,AATCTAGT,NA,NA,NA,NA,UDI0329
NEXTflex UDI Set D,NEXTFLEX330,ATGTATTA,TCATTAAC,GTTAATGA,NA,NA,NA,NA,UDI0330
NEXTflex UDI Set D,NEXTFLEX331,ATGTACCT,TAGGTATG,CATACCTA,NA,NA,NA,NA,UDI0331
NEXTflex UDI Set D,NEXTFLEX332,TCAATGGA,ACTCATAC,GTATGAGT,NA,NA,NA,NA,UDI0332
NEXTflex UDI Set D,NEXTFLEX333,GAGGTCAC,GTAATCTA,TAGATTAC,NA,NA,NA,NA,UDI0333
NEXTflex UDI Set D,NEXTFLEX334,TAACCAGA,ATTCGGTC,GACCGAAT,NA,NA,NA,NA,UDI0334
NEXTflex UDI Set D,NEXTFLEX335,ATGTGATT,AAGTAACG,CGTTACTT,NA,NA,NA,NA,UDI0335
NEXTflex UDI Set D,NEXTFLEX336,TAACAGCC,GTCAGGTC,GACCTGAC,NA,NA,NA,NA,UDI0336
NEXTflex UDI Set D,NEXTFLEX337,TATCTGTC,ATGCCGAA,TTCGGCAT,NA,NA,NA,NA,UDI0337
NEXTflex UDI Set D,NEXTFLEX338,AGATAACT,GCCTTCGG,CCGAAGGC,NA,NA,NA,NA,UDI0338
NEXTflex UDI Set D,NEXTFLEX339,ATGTGGCA,TCATGGTC,GACCATGA,NA,NA,NA,NA,UDI0339
NEXTflex UDI Set D,NEXTFLEX340,TAACACTG,TGCACGTC,GACGTGCA,NA,NA,NA,NA,UDI0340
NEXTflex UDI Set D,NEXTFLEX341,ATGTCTGG,TGTCGCCG,CGGCGACA,NA,NA,NA,NA,UDI0341
NEXTflex UDI Set D,NEXTFLEX342,TCAAGCAC,ACCTAGTC,GACTAGGT,NA,NA,NA,NA,UDI0342
NEXTflex UDI Set D,NEXTFLEX343,ATGGTAAC,GTCTACCG,CGGTAGAC,NA,NA,NA,NA,UDI0343
NEXTflex UDI Set D,NEXTFLEX344,ATGGTTCA,AAGCTGTC,GACAGCTT,NA,NA,NA,NA,UDI0344
NEXTflex UDI Set D,NEXTFLEX345,TCCAACGG,TGCGAGCG,CGCTCGCA,NA,NA,NA,NA,UDI0345
NEXTflex UDI Set D,NEXTFLEX346,GAACAGAA,ACTATCTC,GAGATAGT,NA,NA,NA,NA,UDI0346
NEXTflex UDI Set D,NEXTFLEX347,ATGGCCAG,GTAGTGTT,AACACTAC,NA,NA,NA,NA,UDI0347
NEXTflex UDI Set D,NEXTFLEX348,TCACGTGA,CCGCACAC,GTGTGCGG,NA,NA,NA,NA,UDI0348
NEXTflex UDI Set D,NEXTFLEX349,ATACAACC,CACACGGT,ACCGTGTG,NA,NA,NA,NA,UDI0349
NEXTflex UDI Set D,NEXTFLEX350,TATGTTGG,TGTGTCCA,TGGACACA,NA,NA,NA,NA,UDI0350
NEXTflex UDI Set D,NEXTFLEX351,ATGCTAGA,AAGTAGTT,AACTACTT,NA,NA,NA,NA,UDI0351
NEXTflex UDI Set D,NEXTFLEX352,ATGCTGTC,TTCCTCAA,TTGAGGAA,NA,NA,NA,NA,UDI0352
NEXTflex UDI Set D,NEXTFLEX353,GATTGACC,ATTAAGTT,AACTTAAT,NA,NA,NA,NA,UDI0353
NEXTflex UDI Set D,NEXTFLEX354,ATCATACT,TAAGTCAA,TTGACTTA,NA,NA,NA,NA,UDI0354
NEXTflex UDI Set D,NEXTFLEX355,ATCAGCTA,GGCAAGTT,AACTTGCC,NA,NA,NA,NA,UDI0355
NEXTflex UDI Set D,NEXTFLEX356,ATCACGCA,ACGTGCAC,GTGCACGT,NA,NA,NA,NA,UDI0356
NEXTflex UDI Set D,NEXTFLEX357,GAGTTCTG,CCGAAGTT,AACTTCGG,NA,NA,NA,NA,UDI0357
NEXTflex UDI Set D,NEXTFLEX358,ATCACCGT,TTCGTACA,TGTACGAA,NA,NA,NA,NA,UDI0358
NEXTflex UDI Set D,NEXTFLEX359,TCTTGGAA,GCTGAGTT,AACTCAGC,NA,NA,NA,NA,UDI0359
NEXTflex UDI Set D,NEXTFLEX360,ATCTAATC,AGAATACA,TGTATTCT,NA,NA,NA,NA,UDI0360
NEXTflex UDI Set D,NEXTFLEX361,ATACATGA,CCGACGAC,GTCGTCGG,NA,NA,NA,NA,UDI0361
NEXTflex UDI Set D,NEXTFLEX362,TATTGAAT,TGCGTCGG,CCGACGCA,NA,NA,NA,NA,UDI0362
NEXTflex UDI Set D,NEXTFLEX363,GCTAGTCT,TCTTCGTT,AACGAAGA,NA,NA,NA,NA,UDI0363
NEXTflex UDI Set D,NEXTFLEX364,ATCTAGCG,ATCCGACA,TGTCGGAT,NA,NA,NA,NA,UDI0364
NEXTflex UDI Set D,NEXTFLEX365,TCTCGCTA,CGGTCGTT,AACGACCG,NA,NA,NA,NA,UDI0365
NEXTflex UDI Set D,NEXTFLEX366,ATCTGAAG,GCACGACA,TGTCGTGC,NA,NA,NA,NA,UDI0366
NEXTflex UDI Set D,NEXTFLEX367,TCTAATGC,TTGACGTT,AACGTCAA,NA,NA,NA,NA,UDI0367
NEXTflex UDI Set D,NEXTFLEX368,GATAGCGC,ACCTTACA,TGTAAGGT,NA,NA,NA,NA,UDI0368
NEXTflex UDI Set D,NEXTFLEX369,CTCCTACA,GTCTCAGT,ACTGAGAC,NA,NA,NA,NA,UDI0369
NEXTflex UDI Set D,NEXTFLEX370,TATCAAGC,CGATTCAA,TTGAATCG,NA,NA,NA,NA,UDI0370
NEXTflex UDI Set D,NEXTFLEX371,ATCGCATT,ACACCGTT,AACGGTGT,NA,NA,NA,NA,UDI0371
NEXTflex UDI Set D,NEXTFLEX372,ATCCAGAA,CACTGGTT,AACCAGTG,NA,NA,NA,NA,UDI0372
NEXTflex UDI Set D,NEXTFLEX373,ATACTATT,GTTATATT,AATATAAC,NA,NA,NA,NA,UDI0373
NEXTflex UDI Set D,NEXTFLEX374,GATGATAC,CACGCGCC,GGCGCGTG,NA,NA,NA,NA,UDI0374
NEXTflex UDI Set D,NEXTFLEX375,GCGGTATT,GGTAACAA,TTGTTACC,NA,NA,NA,NA,UDI0375
NEXTflex UDI Set D,NEXTFLEX376,ATCCGTTC,GCAAGGTT,AACCTTGC,NA,NA,NA,NA,UDI0376
NEXTflex UDI Set D,NEXTFLEX377,AGAATTCA,ATTGCACA,TGTGCAAT,NA,NA,NA,NA,UDI0377
NEXTflex UDI Set D,NEXTFLEX378,TATGACTT,CCTCGGTT,AACCGAGG,NA,NA,NA,NA,UDI0378
NEXTflex UDI Set D,NEXTFLEX379,GAGTCAGA,GTATCCAA,TTGGATAC,NA,NA,NA,NA,UDI0379
NEXTflex UDI Set D,NEXTFLEX380,AGAAGACG,GTGCGGTT,AACCGCAC,NA,NA,NA,NA,UDI0380
NEXTflex UDI Set D,NEXTFLEX381,AGAAGCTT,CACTAACA,TGTTAGTG,NA,NA,NA,NA,UDI0381
NEXTflex UDI Set D,NEXTFLEX382,GAGTAGCA,TACGAATA,TATTCGTA,NA,NA,NA,NA,UDI0382
NEXTflex UDI Set D,NEXTFLEX383,AGAACCAA,ACAATTAT,ATAATTGT,NA,NA,NA,NA,UDI0383
NEXTflex UDI Set D,NEXTFLEX384,GCTTGGTG,TTGGACTA,TAGTCCAA,NA,NA,NA,NA,UDI0384
